001101,Chicken Meat,5.0,50,Food,Raven
10110,Chicken Skin,5.0,70,Food,Raven
1110011,Hotdog Aslom,85.0,45,Frozen Goods,Raven
11101111,Hotdog Jumbo,225.0,55,Frozen Goods,Raven
11101,Chickem Parm,352.0,65,Food,musaadmin
114114,Nestea,25.0,105,Drinks,musaadmin
123654,Arlo musa,150.0,1,Drinks,musaadmin
124646,BG,5.0,150,Drinks,Raven
1101,ORANGE,100.0,100,Drinks,angelikca
1102,APPLE,100.0,1000,Drinks,angelikca
125426651,Lechon Belly,352.0,45,Food,musaadmin
4114546,Lechon whole,6500.0,21,Food,musaadmin
